2;2;IPv4 Unicast;206.223.119.0/24
3;3;IPv4 Unicast;206.223.118.0/24
4;4;IPv4 Unicast;206.223.123.0/24
5;5;IPv4 Unicast;206.223.116.0/24
7;7;IPv4 Unicast;198.32.176.0/24
9;9;IPv4 Unicast;198.32.182.0/24
10;10;IPv4 Unicast;198.32.190.0/24
11;11;IPv4 Unicast;198.32.134.0/24
12;12;IPv4 Unicast;198.32.118.0/24
13;13;IPv4 Unicast;206.81.80.0/23
14;14;IPv4 Unicast;198.32.160.0/24
15;15;IPv4 Unicast;198.32.187.0/24
16;16;IPv4 Unicast;198.32.200.0/24
17;17;IPv4 Unicast;198.32.124.0/23
18;18;IPv4 Unicast;195.66.224.0/22
19;19;IPv4 Unicast;206.220.243.0/24
20;20;IPv4 Unicast;198.32.139.0/24
21;21;IPv4 Unicast;198.32.212.0/24
22;22;IPv4 Unicast;198.32.132.0/24
23;23;IPv4 Unicast;198.32.146.0/24
25;25;IPv4 Unicast;198.32.178.0/24
27;29;IPv4 Unicast;194.42.48.0/24
28;30;IPv4 Unicast;210.171.224.0/24
29;31;IPv4 Unicast;80.81.192.0/22
30;32;IPv4 Unicast;198.32.129.0/24
32;34;IPv4 Unicast;194.68.129.0/24
33;35;IPv4 Unicast;217.29.66.0/23
34;36;IPv4 Unicast;213.228.3.128/25
36;40;IPv4 Unicast;198.32.247.0/24
37;41;IPv4 Unicast;198.32.229.0/24
38;42;IPv4 Unicast;202.40.160.0/23
39;43;IPv4 Unicast;210.62.255.0/24
40;44;IPv4 Unicast;202.0.91.0/24
41;48;IPv4 Unicast;193.242.111.0/25
42;49;IPv4 Unicast;193.109.219.0/24
43;50;IPv4 Unicast;193.203.0.0/24
44;51;IPv4 Unicast;217.79.160.0/23
46;53;IPv4 Unicast;5.57.80.0/22
47;55;IPv4 Unicast;193.188.137.0/24
48;56;IPv4 Unicast;193.25.170.0/23
49;57;IPv4 Unicast;212.121.32.0/19
50;58;IPv4 Unicast;195.85.203.0/24
51;59;IPv4 Unicast;194.53.172.0/25
52;60;IPv4 Unicast;91.206.52.0/23
53;61;IPv4 Unicast;195.130.89.0/24
54;62;IPv4 Unicast;193.242.98.0/24
55;63;IPv4 Unicast;193.149.1.0/25
56;64;IPv4 Unicast;193.239.116.0/23
57;65;IPv4 Unicast;198.32.131.0/24
58;67;IPv4 Unicast;80.67.175.0/26
59;68;IPv6 Unicast;2001:7f8:25:1::/64
60;69;IPv4 Unicast;77.95.71.0/24
61;70;IPv4 Unicast;194.68.123.0/24
62;71;IPv4 Unicast;91.210.16.0/22
63;73;IPv4 Unicast;194.59.190.0/24
65;76;IPv4 Unicast;193.111.172.0/24
66;77;IPv4 Unicast;193.168.127.0/24
68;79;IPv6 Unicast;2001:07F8:0002::/48
70;81;IPv4 Unicast;198.17.46.0/24
71;82;IPv4 Unicast;207.231.241.0/24
72;83;IPv4 Unicast;193.156.90.0/24
76;87;IPv4 Unicast;193.178.185.0/24
77;88;IPv4 Unicast;210.184.127.0/24
79;90;IPv4 Unicast;195.245.196.0/24
80;91;IPv4 Unicast;194.146.118.0/24
81;94;IPv4 Unicast;202.167.228.0/24
83;31;IPv6 Unicast;2001:7f8::/64
84;31;IPv4 Multicast;80.81.200.0/24
85;70;IPv4 Unicast;195.245.240.0/24
87;7;IPv4 Unicast;198.32.175.0/24
88;7;IPv4 Multicast;198.32.177.0/24
89;7;IPv6 Unicast;2001:504:d::/64
90;92;IPv4 Unicast;202.249.2.0/24
91;93;IPv4 Unicast;198.32.141.0/24
92;96;IPv4 Unicast;195.85.195.0/24
93;9;IPv4 Unicast;198.32.181.0/24
94;9;IPv4 Multicast;198.32.183.0/24
96;12;IPv4 Multicast;198.32.119.0/24
97;11;IPv4 Multicast;198.32.133.0/24
99;10;IPv4 Unicast;198.32.191.0/24
100;10;IPv4 Multicast;198.32.192.0/24
102;98;IPv4 Unicast;193.110.224.0/24
103;72;IPv4 Unicast;193.136.250.0/24
105;19;IPv4 Unicast;206.220.241.0/24
106;19;IPv4 Unicast;206.220.242.0/24
108;13;IPv6 Unicast;2001:504:16::/64
109;100;IPv4 Unicast;193.232.244.0/23
113;115;IPv4 Unicast;194.116.96.0/24
114;117;IPv4 Unicast;62.35.254.0/24
116;129;IPv4 Unicast;196.223.14.0/24 (Data)
117;129;IPv6 Unicast;2001:43f8:01f0:0::/64 (Data)
118;48;IPv6 Unicast;2001:7f8:18::/48
120;128;IPv4 Unicast;193.110.13.0/24
121;128;IPv6 Unicast;2001:7f8:21:9::/64
123;128;IPv4 Unicast;193.110.12.0/24
124;128;IPv6 Unicast;2001:7f8:21:12::/64
125;128;IPv6 Unicast;2001:7f8:21:11::/64
127;110;IPv4 Unicast;218.100.0.0/24
128;113;IPv4 Unicast;218.100.19.0/24
129;114;IPv4 Unicast;218.100.12.0/24
130;111;IPv4 Unicast;218.100.13.0/24
131;105;IPv4 Unicast;218.100.2.0/24
132;139;IPv4 Unicast;217.79.160.0/23
134;71;IPv6 Unicast;2001:7f8:14::/64
135;126;IPv4 Unicast;218.100.6.0/24
136;118;IPv4 Unicast;193.227.132.0/24
137;146;IPv4 Unicast;194.165.32.0/24
138;147;IPv4 Unicast;80.67.163.0/24
139;151;IPv6 Unicast;2001:0458:0026:2::/64
140;151;IPv4 Unicast;198.32.238.0/24
141;64;IPv6 Unicast;2001:7F8:13::/64
142;64;IPv4 Multicast;194.246.39.224/27
143;53;IPv6 Unicast;2001:7f8:17::/48
144;153;IPv4 Unicast;208.50.192.0/24
145;157;IPv4 Unicast;85.31.223.0/24
146;154;IPv4 Unicast;202.78.121.0/24
147;155;IPv4 Unicast;206.197.187.0/24
148;165;IPv4 Unicast;198.32.195.0/24
149;161;IPv4 Unicast;195.60.84.128/25
150;50;IPv6 Unicast;2001:7F8:30::/64
151;170;IPv4 Unicast;194.54.92.0/25
152;172;IPv4 Unicast;192.121.80.0/24
153;184;IPv4 Unicast;195.35.65.0/24
155;12;IPv6 Unicast;2001:504:f::/64
156;10;IPv6 Unicast;2001:504:e::/64
158;70;IPv4 Unicast;194.68.128.0/24
159;70;IPv4 Unicast;195.69.119.0/24
160;70;IPv6 Unicast;2001:7f8:d:ff::/64
161;70;IPv6 Unicast;2001:7f8:d:fc::/64
162;70;IPv6 Unicast;2001:7f8:d:fe::/64
163;70;IPv6 Unicast;2001:7f8:d:fb::/64
164;123;IPv4 Unicast;193.189.82.0/23
165;123;IPv6 Unicast;2001:7f8:33::/48
166;3;IPv6 Unicast;2001:504:0:5::/64
167;5;IPv6 Unicast;2001:504:0:1::/64
168;1;IPv6 Unicast;2001:504:0:2::/64
169;4;IPv6 Unicast;2001:504:0:3::/64
170;2;IPv6 Unicast;2001:504:0:4::/64
172;142;IPv6 Unicast;2001:0504:0013::/64
173;121;IPv4 Unicast;193.201.28.0/25
174;121;IPv4 Unicast;193.201.29.0/25
175;53;IPv4 Multicast;195.35.120.0/24
176;18;IPv4 Multicast;195.66.230.0/26
177;74;IPv4 Unicast;80.81.203.0/24
178;206;IPv4 Unicast;78.41.189.128/26
179;208;IPv4 Unicast;193.189.130.0/24
180;212;IPv4 Unicast;193.138.31.0/24
181;209;IPv4 Unicast;194.9.117.0/24
182;220;IPv4 Unicast;208.38.191.0/24
183;22;IPv6 Unicast;2001:478:132::/64
184;158;IPv4 Unicast;202.79.197.0/24
185;226;IPv4 Unicast;206.51.43.0/24
186;226;IPv6 Unicast;2001:504:13:4:0:0:0:0/64
187;255;IPv4 Unicast;195.42.144.0/23
188;256;IPv4 Unicast;198.32.186.0/24
189;256;IPv6 Unicast;2001:478:186::/64
190;100;IPv6 Unicast;2001:7f8:20:101::/64
191;100;IPv4 Unicast;193.232.246.0/23
193;281;IPv4 Unicast;196.223.7.0/24
194;117;IPv6 Unicast;2001:860:0:6::/64
195;17;IPv6 Unicast;2001:478:124::/48
196;119;IPv4 Unicast;200.136.34.0/24
197;248;IPv4 Unicast;80.81.202.0/24
198;288;IPv4 Unicast;218.100.59.0/24
199;288;IPv6 Unicast;2001:DE8:9::/64
200;13;IPv4 Multicast;206.81.82.0/23
201;260;IPv4 Unicast;200.0.22.0/23
202;260;IPv6 Unicast;2001:13c7:6002::/48
203;60;IPv6 Unicast;2001:7f8:24::/64
204;321;IPv4 Unicast;195.66.236.0/22
205;322;IPv4 Unicast;206.126.114.0/24
206;322;IPv6 Unicast;2001:504:17:114::/64
207;325;IPv4 Unicast;206.126.115.0/24
208;325;IPv6 Unicast;2001:504:17:115::/64
209;40;IPv4 Unicast;193.251.216.0/24
210;40;IPv4 Multicast;193.252.127.0/24
211;40;IPv6 Unicast;2001:7F8:2D::/48
212;342;IPv4 Unicast;93.156.93.0/24
213;89;IPv4 Unicast;144.92.233.224/27
214;89;IPv6 Unicast;2607:f388:0:2200::/64
215;344;IPv4 Unicast;196.223.22.0/24 (Data)
216;333;IPv4 Unicast;206.51.42.0/24
217;333;IPv6 Unicast;2001:504:13:7:0:0:0:0/64
218;332;IPv4 Unicast;206.51.45.0/24
219;332;IPv6 Unicast;2001:504:13:6:0:0:0:0/64
220;205;IPv4 Unicast;206.51.44.0/24
221;205;IPv6 Unicast;2001:504:13:5:0:0:0:0/64
224;204;IPv4 Unicast;206.51.40.0/24
225;204;IPv6 Unicast;2001:504:13:1:0:0:0:0/64
226;338;IPv4 Unicast;206.51.41.0/24
227;338;IPv6 Unicast;2001:504:13:3:0:0:0:0/64
228;331;IPv4 Unicast;193.169.198.0/23
230;42;IPv6 Unicast;2001:7FA:0:1::/64
231;112;IPv4 Unicast;210.100.3.0/24
232;336;IPv4 Unicast;91.213.236.0/24
233;248;IPv6 Unicast;2001:7f8:44::/64
235;366;IPv4 Unicast;200.0.20.0/24
236;298;IPv4 Unicast;193.156.120.0/24
237;264;IPv4 Unicast;195.182.218.0/23
238;264;IPv6 Unicast;2001:7f8:42::/48
239;78;IPv4 Unicast;192.38.7.0/24
240;78;IPv6 Unicast;2001:7F8:1F::/48
241;195;IPv4 Unicast;206.223.127.0/25
242;195;IPv6 Unicast;2001:504:19::/64
243;231;IPv4 Unicast;193.243.183.64/26
244;231;IPv6 Unicast;2001:7f8:53::/48
245;373;IPv4 Unicast;198.32.181.0/24
247;377;IPv4 Unicast;193.37.144.0/24
249;382;IPv4 Unicast;193.110.12.0/24
250;382;IPv4 Unicast;193.110.13.0/24
251;382;IPv6 Unicast;2001:7f8:21:9::/64
252;382;IPv6 Unicast;2001:7f8:21:10::/64
253;382;IPv6 Unicast;2001:7f8:21:11::/64
254;382;IPv6 Unicast;2001:7f8:21:12:/64
255;128;IPv6 Unicast;2001:7f8:21:10::/64
256;377;IPv6 Unicast;2001:7f8:4a::/48
257;91;IPv6 Unicast;2001:7f8:8::/64
258;209;IPv6 Unicast;2001:7f8:8:5::/64
259;291;IPv4 Unicast;193.42.155.0/24
260;291;IPv6 Unicast;2001:7f8:8:10::/64
261;74;IPv6 Unicast;2001:7f8:3d::/64
262;387;IPv4 Unicast;194.88.240.0/25
263;387;IPv6 Unicast;2001:7f8:18:12::/64
264;347;IPv4 Unicast;83.212.8.0/24
265;347;IPv6 Unicast;2001:648:2100::/48
266;34;IPv6 Unicast;2001:7f8:4e:2::/64
267;34;IPv4 Multicast;193.54.79.0/24
268;57;IPv6 Unicast;2001:7f8:9::/48
269;380;IPv4 Unicast;193.232.140.0/24
270;380;IPv6 Unicast;2001:7F8:20:501::/64
271;379;IPv4 Unicast;193.232.135.0/24
272;379;IPv6 Unicast;2001:7F8:20:601::/64
273;392;IPv4 Unicast;193.17.78.0/24
274;172;IPv6 Unicast;2001:7f8:3e::/48
275;398;IPv4 Unicast;194.190.119.0/24
276;398;IPv6 Unicast;2001:7f8:20:801::/64
277;350;IPv4 Unicast;194.85.107.0/24
278;350;IPv6 Unicast;2001:7F8:20:301::/64
279;363;IPv4 Unicast;209.33.201.176/28
280;326;IPv4 Unicast;185.1.30.0/24
281;383;IPv4 Unicast;62.63.142.0/24
282;381;IPv4 Unicast;194.57.253.128/27
283;400;IPv4 Unicast;193.219.13.64/26
284;115;IPv6 Unicast;2001:7f8:23:ffff::/64
285;115;IPv4 Multicast;194.116.100.0/24
286;249;IPv4 Unicast;206.51.7.0/25
287;249;IPv6 Unicast;2001:504:1B:1::/64
288;359;IPv4 Unicast;37.49.236.0/23
289;359;IPv6 Unicast;2001:7f8:54::/64
290;35;IPv6 Unicast;2001:7f8:b:100::/64
291;361;IPv6 Unicast;2001:43f8::/64
292;361;IPv4 Unicast;196.223.5.0/24
293;422;IPv4 Unicast;196.223.25.0/25
294;428;IPv4 Multicast;198.9.201.0/24 
295;428;IPv4 Multicast;198.9.202.0/24 
296;428;IPv4 Unicast;198.32.136.0/24
297;428;IPv4 Unicast;198.32.153.0/24
298;428;IPv6 Unicast;2001:478:6663:100::/64
299;428;IPv6 Unicast;2001:478:6663:200::/64
300;63;IPv6 Unicast;2001:7f8:f::/64
301;319;IPv4 Unicast;91.220.194.0/24
302;319;IPv6 Unicast;2001:7F8:46::/64
303;429;IPv4 Unicast;103.16.102.0/23
304;429;IPv6 Unicast;2001:de8:12::/56
305;430;IPv4 Unicast;193.105.214.0/24
306;223;IPv4 Unicast;193.232.87.0/24
307;223;IPv6 Unicast;2001:7f8:20:401::/64
308;93;IPv6 Unicast;2001:de8:d::/64
309;343;IPv4 Unicast;198.32.120.0/24
310;435;IPv4 Unicast;91.217.231.0/24
311;303;IPv4 Unicast;193.192.15.64/26
312;303;IPv6 Unicast;2001:7f8:28::/48
313;452;IPv4 Unicast;218.100.41.0/24
314;453;IPv4 Unicast;91.198.176.0/24
315;453;IPv6 Unicast;2001:7f8:41::/48
316;375;IPv4 Unicast;218.100.27.0/24
317;375;IPv6 Unicast;2001:7fa:f::/48
318;463;IPv4 Unicast;202.128.12.0/26
319;73;IPv6 Unicast;2001:7f8:2c:1000::/64
320;9;IPv6 Unicast;2001:504:10::/64
321;11;IPv6 Unicast;2001:504:12::/64
322;165;IPv6 Unicast;2001:478:195::/64
324;125;IPv4 Unicast;119.27.63.0/24
325;418;IPv4 Unicast;187.16.193.0/24
326;418;IPv6 Unicast;2001:12f8:0:16::/64
327;469;IPv4 Unicast;119.110.115.0/24
328;469;IPv4 Unicast;119.110.116.0/23
329;469;IPv4 Unicast;119.110.118.0/24
330;469;IPv6 Unicast;2404:c000:4004::/64
331;475;IPv4 Unicast;91.192.104.0/24
332;477;IPv4 Unicast;195.60.89.0/24
333;477;IPv6 Unicast;2001:7f8:5e::/64
334;457;IPv4 Unicast;194.117.52.128/25
335;457;IPv6 Unicast;2001:7f8:5c::/64
336;94;IPv6 Unicast;2001:DE8:6::/64
337;125;IPv6 Unicast;2001:DE8:7::/64
338;158;IPv6 Unicast;2001:DE8:4::/64
339;167;IPv4 Unicast;203.190.230.0/24
340;167;IPv6 Unicast;2001:DE8:5::/64 
341;250;IPv4 Unicast;218.100.44.0/24
342;250;IPv6 Unicast;2001:de8:10::/112
343;488;IPv4 Unicast;196.216.148.0/24
344;476;IPv4 Unicast;206.223.120.0/24
345;476;IPv6 Unicast;2001:504:18::/48
346;98;IPv6 Unicast;2001:7f8:7::/112
347;363;IPv6 Unicast;2604:2c00:ffff:fff0::/64
348;498;IPv4 Unicast;188.116.45.0/24
350;26;IPv6 Unicast;2001:7f8:1::/64
353;506;IPv6 Unicast;2001:504:21::/64
354;506;IPv4 Unicast;206.123.0.0/24
355;512;IPv4 Unicast;193.28.6.0/24
356;513;IPv4 Unicast;218.100.78.0/24
357;513;IPv6 Unicast;2001:7fa:11:1::/64
358;514;IPv4 Unicast;206.197.131.0/24
359;24;IPv4 Unicast;206.108.34.0/23
360;24;IPv6 Unicast;2001:504:1a::34:0/111
361;524;IPv4 Unicast;193.8.61.192/26
362;18;IPv6 Unicast;2001:7f8:4:0::/64
363;321;IPv6 Unicast;2001:7f8:4:1::/64
364;87;IPv6 Unicast;2001:7f8:19::/48
365;129;IPv4 Unicast;196.223.15.0/24 (VoIP)
366;129;IPv6 Unicast;2001:43f8:01f0:1::/64 (VoiP)
367;344;IPv6 Unicast;2001:43f8:01f1:0::/64 (Data)
368;344;IPv4 Unicast;196.223.23.0/24 (VoiP)
369;344;IPv6 Unicast;2001:43f8:01f1:1::/64 (VoIP)
370;528;IPv4 Unicast;192.168.10.0/24
372;530;IPv4 Unicast;80.81.201.0/24
373;530;IPv6 Unicast;2001:7f8:62::/64
374;536;IPv4 Unicast;193.105.116.0/24
375;171;IPv4 Unicast;187.16.216.0/21
376;446;IPv4 Unicast;206.108.255.0/24
377;446;IPv6 Unicast;2001:504:27::/64
378;499;IPv4 Unicast;204.107.122.0/25
379;499;IPv6 Unicast;2001:19e0:ffff::/64
380;100;IPv6 Unicast;2001:7f8:20:102::/64
381;543;IPv4 Unicast;91.232.229.0/24
382;543;IPv6 Unicast;2001:7f8:66::/64
383;267;IPv4 Unicast;206.197.210.0/24
384;254;IPv4 Unicast;206.51.46.0/24
385;481;IPv4 Unicast;212.91.0.0/22
386;481;IPv6 Unicast;2001:7f8:60::/48
387;563;IPv4 Unicast;206.123.7.0/24
389;30;IPv6 Unicast;2001:de8:8::/64
390;564;IPv4 Unicast;103.246.232.0/24
392;373;IPv6 Unicast;2001:504:D:80::/64
393;565;IPv4 Unicast;206.108.236.0/24
394;566;IPv4 Unicast;218.100.21.0/24
395;349;IPv4 Unicast;218.100.24.0/24
396;97;IPv4 Unicast;192.203.154.0/24
397;97;IPv6 Unicast;2001:7fa:4:c0cb::/64
398;348;IPv4 Unicast;202.7.0.0/23
399;348;IPv6 Unicast;2001:7fa:3:ca07::/64
400;63;IPv4 Unicast;193.149.1.128/25
401;63;IPv6 Unicast;2001:7F8:f:1::/64
402;573;IPv4 Unicast;200.0.18.0/24
403;572;IPv4 Unicast;218.100.84.0/24
404;482;IPv6 Unicast;2001:7f8:27::/48
405;482;IPv4 Unicast;195.149.232.0/23
406;255;IPv6 Unicast;2001:7F8:43::/64
407;254;IPv6 Unicast;2605:6C00:303:303::/64
408;410;IPv4 Unicast;91.216.67.0/24
409;410;IPv6 Unicast;2001:7f8:59:0:75::/96
410;126;IPv6 Unicast;2001:0DE8:000C::/64
411;14;IPv4 Unicast;206.51.30.0/24
412;14;IPv6 Unicast;2001:504:1:0::/64
413;14;IPv6 Unicast;2001:504:1:9::/64
414;593;IPv4 Unicast;198.32.114.0/24
415;593;IPv6 Unicast;2001:504:0:6::/64
416;88;IPv6 Unicast;2403:2400:1100::/64
419;35;IPv4 Unicast;217.29.68.0/23
420;35;IPv6 Unicast;2001:7f8:b:101::/64
421;424;IPv4 Unicast;193.105.163.0/24
422;624;IPv4 Unicast;206.223.125.0/25
423;624;IPv4 Multicast;206.223.125.128/25 
424;624;IPv6 Unicast;2001:504:29::/64
425;1;IPv4 Unicast;206.126.236.0/22
426;628;IPv4 Unicast;196.223.28.0/24
427;628;IPv6 Unicast;2001:43f8:03c0::/48
428;33;IPv4 Unicast;192.65.185.0/24
429;33;IPv6 Unicast;2001:7F8:1C:24A::/64
430;587;IPv4 Unicast;185.1.8.0/24
431;587;IPv6 Unicast;2001:7f8:73::/64
432;55;IPv6 Unicast;2001:7f8:35::/64
433;640;IPv4 Unicast;206.123.30.0/24
434;640;IPv6 Unicast;2001:504:22:30::/64
435;72;IPv6 Unicast;2001:7f8:a:1::/64
436;392;IPv6 Unicast;2001:7f8:6a::/64
437;662;IPv4 Unicast;208.157.218.0/24
438;662;IPv6 Unicast;2607:f8b8:fff1:6566::/64
439;583;IPv4 Unicast;195.66.244.0/24
440;583;IPv6 Unicast;2001:7F8:4:2::/64
442;577;IPv4 Unicast;103.247.139.0/25
443;577;IPv6 Unicast;2001:df0:296::/64
444;62;IPv6 Unicast;2001:7f8:2a::/64
445;688;IPv4 Unicast;92.240.144.0/24
446;691;IPv4 Unicast;218.100.54.0/25
447;691;IPv6 Unicast;2001:7fa:11:3::/64
448;677;IPv4 Unicast;62.69.144.0/23
449;677;IPv6 Unicast;2001:7f8:8:15::/64
450;676;IPv4 Unicast;62.69.146.0/23
451;676;IPv6 Unicast;2001:7f8:8:20::/64
452;366;IPv6 Unicast;2001:13c7:6004::/64
453;274;IPv6 Unicast;2001:4300:96::/64
454;274;IPv4 Unicast;81.21.96.0/24
455;313;IPv4 Unicast;91.194.218.0/24
456;329;IPv4 Unicast;91.213.73.0/24
457;69;IPv6 Unicast;2001:7f8:47:47::/64
458;699;IPv4 Unicast;193.218.0.0/24
459;699;IPv6 Unicast;2001:67c:29f0::/64
460;703;IPv4 Unicast;206.72.208.0/24
461;703;IPv6 Unicast;2001:504:26::/64
462;683;IPv4 Unicast;91.203.127.0/24
463;683;IPv6 Unicast;2001:7f8:77::0/64
464;176;IPv4 Unicast;200.219.139.0/24
465;176;IPv6 Unicast;2001:12f8:0:3::/64
466;178;IPv4 Unicast;200.192.110.0/24
467;178;IPv6 Unicast;2001:12f8:0:13::/64
468;603;IPv4 Unicast;200.192.109.0/24
469;603;IPv6 Unicast;2001:12f8:0:12::/64
470;415;IPv4 Unicast;200.192.108.0/24
471;415;IPv6 Unicast;2001:12f8:0:11::/64
472;558;IPv4 Unicast;187.16.197.0/24
473;558;IPv6 Unicast;2001:12f8:0:20::/64
474;174;IPv4 Unicast;200.219.140.0/24
475;174;IPv6 Unicast;2001:12f8:0:4::/64
476;175;IPv4 Unicast;200.219.141.0/24
477;175;IPv6 Unicast;2001:12f8:0:5::/64
478;575;IPv4 Unicast;200.192.111.0/24
479;575;IPv6 Unicast;2001:12f8:0:14::/64
480;314;IPv4 Unicast;200.219.144.0/24
481;314;IPv6 Unicast;2001:12f8:0:7::/64
482;707;IPv4 Unicast;187.16.198.0/24
483;707;IPv6 Unicast;2001:12f8:0:21::/64
484;708;IPv4 Unicast;187.16.196.0/24
485;708;IPv6 Unicast;2001:12f8:0:19::/64
486;173;IPv4 Unicast;200.219.143.0/24
487;173;IPv6 Unicast;2001:12f8:0:6::/64
488;705;IPv4 Unicast;200.219.147.0/24
489;705;IPv6 Unicast;2001:12f8:0:10::/64
490;177;IPv4 Unicast;200.219.138.0/24
491;177;IPv6 Unicast;2001:12f8:0:2::/64
492;556;IPv4 Unicast;200.219.145.0/24
493;556;IPv6 Unicast;2001:12f8:0:8::/64
494;638;IPv4 Unicast;187.16.192.0/24
495;638;IPv6 Unicast;2001:12f8:0:15::/64
496;709;IPv4 Unicast;187.16.199.0/24
497;709;IPv6 Unicast;2001:12f8:0:22::/64
498;171;IPv6 Unicast;2001:12f8::/64
499;706;IPv4 Unicast;187.16.194.0/24
500;706;IPv6 Unicast;2001:12f8:0:17::/64
501;710;IPv4 Unicast;200.219.146.0/24
502;710;IPv6 Unicast;2001:12f8:0:9::/64
503;711;IPv4 Unicast;187.16.195.0/24
504;711;IPv6 Unicast;2001:12f8:0:18::/64
505;716;IPv4 Unicast;218.100.52.0/24
506;716;IPv6 Unicast;2001:7fa:11:4::/64
507;21;IPv6 Unicast;2001:7fa:11::/64
508;576;IPv4 Unicast;103.2.116.0/24
509;576;IPv6 Unicast;2001:7fa:11:2::/64
510;639;IPv4 Unicast;206.126.225.0/24
511;639;IPv6 Unicast;2001:504:2f::/64
512;31;IPv4 Unicast;80.81.199.0/24
513;713;IPv4 Unicast;91.213.211.0/24
514;745;IPv4 Unicast;195.66.246.0/24
515;762;IPv4 Unicast;185.1.18.0/24
516;762;IPv6 Unicast;2001:67c:2b9c::/48
517;745;IPv6 Unicast;2001:7f8:4:3::/64
518;776;IPv4 Unicast;206.126.109.0/24
519;776;IPv6 Unicast;2001:504:2c::0/116
520;155;IPv6 Unicast;2001:504:30::/48
521;671;IPv4 Unicast;206.126.228.0/24
522;671;IPv6 Unicast;2001:504:32:0::/64
523;671;IPv6 Unicast;2001:504:32:1::/64
524;671;IPv6 Unicast;2001:504:32:2::/64
525;671;IPv6 Unicast;2001:504:32:3::/64
526;809;IPv4 Unicast;206.126.235.0/26
527;809;IPv6 Unicast;2001:504:33::/64
529;780;IPv6 Unicast;2001:dea:0:10::/64
530;355;IPv4 Unicast;198.179.18.0/24
531;777;IPv4 Unicast;206.55.196.0/23
532;777;IPv6 Unicast;2001:504:31::/64
533;822;IPv4 Unicast;84.22.159.0/24
534;355;IPv6 Unicast;2620:1F:4000::/48
535;496;IPv4 Unicast;206.130.61.0/24
536;496;IPv6 Unicast;2001:504:20:81::/64
537;823;IPv4 Unicast;203.163.222.0/24
538;804;IPv4 Unicast;206.130.10.0/24
539;804;IPv6 Unicast;2001:504:36::/64
540;806;IPv4 Unicast;206.126.240.0/24
541;806;IPv6 Unicast;2001:504:34::/64
542;825;IPv4 Unicast;206.130.0.0/24
543;825;IPv6 Unicast;2001:504:2b::/64
544;512;IPv6 Unicast;2001:7f8:82::/64
545;829;IPv4 Unicast;204.228.158.0/24
546;829;IPv6 Unicast;2607:fa18:1:f00::/64
547;565;IPv6 Unicast;2001:504:24:1::/64
548;142;IPv4 Unicast;206.72.210.0/23
549;833;IPv4 Unicast;206.108.114.0/24
550;866;IPv4 Unicast;185.1.15.0/24
551;866;IPv6 Unicast;2001:7f8:7a::/64
552;170;IPv6 Unicast;2001:7f8:3a:e201::/64
553;867;IPv4 Unicast;194.54.93.0/25
554;867;IPv6 Unicast;2001:7f8:3a:e202::/64
555;326;IPv4 Unicast;217.174.157.0/24
556;326;IPv6 Unicast;2001:7f8:8e::/48
557;873;IPv4 Unicast;196.223.11.0/24
558;873;IPv6 Unicast;2001:43f8:c0::/48
559;662;IPv4 Unicast;206.41.105.0/24
560;662;IPv6 Unicast;2001:504:3B::/64
561;358;IPv4 Unicast;178.18.224.0/23
562;358;IPv4 Unicast;178.18.230.0/24
563;358;IPv4 Unicast;178.18.232.0/24 
564;358;IPv4 Unicast;178.18.233.0/24
565;358;IPv6 Unicast;2a03:5f80:4:0::/64
566;358;IPv6 Unicast;2a03:5f80:4:1::/64
567;358;IPv6 Unicast;2a03:5f80:4:2::/64
568;358;IPv6 Unicast;2a03:5f80:7::/64
569;336;IPv6 Unicast;2001:7f8:68::/48
570;880;IPv4 Unicast;37.49.232.0/24
571;880;IPv6 Unicast;2001:7f8:54:5::/64
572;909;IPv4 Unicast;103.231.152.0/22
573;909;IPv6 Unicast;2001:df5:b800:bb00::/64
574;908;IPv6 Unicast;2001:df5:b800:bb00::/64
575;908;IPv4 Unicast;103.231.152.0/22
576;780;IPv4 Unicast;103.26.68.0/23
577;781;IPv4 Unicast;103.26.70.0/24
578;781;IPv6 Unicast;2001:dea:0:20::/64
579;779;IPv4 Unicast;103.26.71.0/24
580;779;IPv6 Unicast;2001:dea:0:30::/64
581;422;IPv6 Unicast;2001:43f8:0130::/64
582;935;IPv4 Unicast;206.41.106.0/24
583;935;IPv6 Unicast;2001:504:3d::/64
584;270;IPv4 Unicast;86.104.125.0/24
585;944;IPv4 Unicast;206.108.115.0/24
586;944;IPv6 Unicast;2001:504:38:1::/64
589;823;IPv6 Unicast;2406:d400:1:133:203:163:222::/112
590;26;IPv4 Unicast;80.249.208.0/21
591;239;IPv4 Unicast;206.41.110.0/24
592;239;IPv6 Unicast;2001:504:41:110::/64
593;957;IPv4 Unicast;198.78.5.0/24
594;957;IPv6 Unicast;2607:fe60:aaaa::/64
595;967;IPv4 Unicast;196.223.38.0/24
596;967;IPv6 Unicast;2001:43f8:09c0:1000::/64
597;119;IPv4 Unicast;198.32.122.0/24
598;977;IPv4 Unicast;43.243.21.0/24
599;977;IPv6 Unicast;2001:7FA:11:6::/64
600;236;IPv4 Unicast;196.223.21.0/24
601;236;IPv6 Unicast;2001:43F8:60:1::/64
602;976;IPv4 Unicast;218.100.54.128/25
603;976;IPv6 Unicast;2001:7FA:11:5::/64
604;984;IPv4 Unicast;43.243.22.0/23
605;984;IPv6 Unicast;2001:dea:0:40::/64
606;592;IPv4 Unicast;196.46.25.128/25
607;592;IPv6 Unicast;2001:43f8:6d0::/64
608;597;IPv4 Unicast;196.10.140.0/24
609;969;IPv4 Unicast;196.10.141.0/24
610;597;IPv6 Unicast;2001:43F8:6D1::/64
611;969;IPv6 Unicast;2001:43F8:6D2::/64
612;986;IPv4 Unicast;199.168.131.0/24
613;672;IPv4 Unicast;198.32.130.0/24
614;672;IPv6 Unicast;2001:478:130::/64
615;673;IPv4 Unicast;198.32.96.0/23
616;673;IPv6 Unicast;2001:478:96::/64
617;760;IPv4 Unicast;198.32.98.0/24
618;760;IPv6 Unicast;2001:478:98::/64
619;971;IPv4 Unicast;103.25.228.0/24
621;971;IPv6 Unicast;2001:dec:0:1::/64
622;1007;IPv4 Unicast;196.11.234.0/24
623;1007;IPv6 Unicast;2001:43f8:09d0::/64
624;1006;IPv4 Unicast;209.124.52.0/23
625;1006;IPv6 Unicast;2607:f790:100::/64
626;1009;IPv4 Unicast;185.1.31.0/24
627;1009;IPv6 Unicast;2001:7f8:8d::/64
628;59;IPv6 Unicast;2001:7f8:26::/64
629;59;;2001:7f8:26:8000::/64
630;84;IPv4 Unicast;192.108.148.0/24
631;84;IPv6 Unicast;2001:7F8:2F::/64
632;559;IPv4 Unicast;192.108.145.0/24
633;1032;IPv6 Unicast;2001:43f8:0150::/48
634;1032;IPv4 Unicast;196.223.12.0/24
635;1037;IPv4 Unicast;103.48.48.0/23
636;1037;IPv6 Unicast;2001:def::/48
637;965;IPv4 Unicast;103.41.12.0/22
638;965;IPv6 Unicast;2001:ded::/48
639;253;IPv4 Unicast;200.1.6.0/24
640;253;IPv6 Unicast;2001:13C7:6006::/48
641;986;IPv6 Unicast;2001:504:45:f3e8::/64
642;986;IPv4 Unicast;206.53.139.0/24
645;796;IPv4 Unicast;185.1.35.0/24
646;796;IPv6 Unicast;2001:7f8:92::/64
647;299;IPv4 Unicast;194.30.187.0/24
648;299;IPv6 Unicast;2001:7f8:91::/64
649;1059;IPv4 Unicast;198.32.124.0/23
650;181;IPv4 Unicast;200.0.17.0/24
651;181;IPv6 Unicast;2001:13c7:6001::/64
652;904;IPv4 Unicast;200.115.81.0/24
653;911;IPv4 Unicast;200.115.83.0/24
654;945;IPv4 Unicast;200.13.83.0/24
655;1066;IPv4 Unicast;200.14.37.0/24
656;1067;IPv4 Unicast;200.14.75.0/24
657;1068;IPv4 Unicast;200.14.39.0/24
658;1069;IPv4 Unicast;200.115.82.0/24
659;1070;IPv4 Unicast;200.14.38.0/24
660;930;IPv4 Unicast;200.0.19.0/24
661;1072;IPv4 Unicast;200.14.74.0/24
662;1056;IPv4 Unicast;91.212.235.0/24
663;184;IPv6 Unicast;2001:7F8:5D::/116
664;1071;IPv4 Unicast;200.115.84.0/24
665;119;IPv6 Unicast;2001:478:122::/48
666;954;IPv4 Unicast;206.41.108.0/24
667;954;IPv6 Unicast;2001:504:40:108::/64
668;1086;IPv4 Unicast;206.53.143.0/24
669;1086;IPv6 Unicast;2001:504:47::/64
670;1088;IPv4 Unicast;109.239.136.0/23
671;1088;IPv6 Unicast;2001:b28:3ff::/64
672;42;IPv4 Unicast;123.255.88.0/21
673;1073;IPv6 Unicast; 2001:7f8:11::/64
674;1073;IPv4 Unicast;185.1.43.0/24
675;95;IPv4 Unicast;210.173.176.0/24
676;95;IPv6 Unicast;2001:7fa:7:1::/64
677;145;IPv4 Unicast;210.173.178.0/25
678;145;IPv6 Unicast;2001:7fa:7:2:://64
679;211;IPv4 Unicast;218.100.45.0/24
680;211;IPv6 Unicast;2001:7fa:7:3::/64
